table,column,table_column,freq,bins
customer,c_custkey,c.c_custkey,b80b000000000000b80b000000000000b80b000000000000b80b000000000000b80b000000000000b80b000000000000b80b000000000000b80b000000000000b80b000000000000b80b000000000000b80b000000000000b80b000000000000b80b000000000000b80b000000000000b80b000000000000b80b000000000000b80b000000000000b80b000000000000b80b000000000000b80b000000000000b80b000000000000b80b000000000000b80b000000000000b80b000000000000b80b000000000000b80b000000000000b80b000000000000b80b000000000000b80b000000000000b80b000000000000b80b000000000000b80b000000000000b80b000000000000b80b000000000000b80b000000000000b80b000000000000b80b000000000000b80b000000000000b80b000000000000b80b000000000000b80b000000000000b80b000000000000b80b000000000000b80b000000000000b80b000000000000b80b000000000000b80b000000000000b80b000000000000b80b000000000000b80b000000000000,"1.0,3000.98,6000.96,9000.94,12000.92,15000.900000000001,18000.88,21000.86,24000.84,27000.82,30000.800000000003,33000.78,36000.76,39000.74,42000.72,45000.7,48000.68,51000.66,54000.64,57000.62,60000.600000000006,63000.579999999994,66000.56,69000.54000000001,72000.52,75000.5,78000.48,81000.46,84000.44,87000.42,90000.4,93000.38,96000.36,99000.34000000001,102000.32,105000.29999999999,108000.28,111000.26,114000.24,117000.22,120000.20000000001,123000.18,126000.15999999999,129000.14,132000.12,135000.1,138000.08000000002,141000.06,144000.04,147000.02,150000.0"
customer,c_name,c.c_name,0000000000000000000000000000000000000000000000000000000000000000000000000000000000000000000000000000000000000000000000000000000000000000000000000000000000000000000000000000000000000000000000000000000000000000000000000000000000000000000000000000000000000000000000000000000000000000000000000000000000000000000000000000000000000000000000000000000000000000000000000000000000000000000000000000000000000000f049020000000000000000000000000000000000000000000000000000000000000000000000000000000000000000000000000000000000000000000000000000000000000000000000000000000000000000000000000000000000000000000000000000000000000000000000000000000000000000000000000000000000000000000000000000000000000000000000000000000000000000000000000000000000000000000000000000000000000000000000000000000000000000000000000000000000,"0.0,0.0,0.0,0.0,0.0,0.0,0.0,0.0,0.0,0.0,0.0,0.0,0.0,0.0,0.0,0.0,0.0,0.0,0.0,0.0,0.0,0.0,0.0,0.0,0.0,0.0,0.0,0.0,0.0,0.0,0.0,0.0,0.0,0.0,0.0,0.0,0.0,0.0,0.0,0.0,0.0,0.0,0.0,0.0,0.0,0.0,0.0,0.0,0.0,0.0,0.0"
customer,c_address,c.c_address,0000000000000000000000000000000000000000000000000000000000000000000000000000000000000000000000000000000000000000000000000000000000000000000000000000000000000000000000000000000000000000000000000000000000000000000000000000000000000000000000000000000000000000000000000000000000000000000000000000000000000000000000000000000000000000000000000000000000000000000000000000000000000000000000000000000000000000f049020000000000000000000000000000000000000000000000000000000000000000000000000000000000000000000000000000000000000000000000000000000000000000000000000000000000000000000000000000000000000000000000000000000000000000000000000000000000000000000000000000000000000000000000000000000000000000000000000000000000000000000000000000000000000000000000000000000000000000000000000000000000000000000000000000000000,"0.0,0.0,0.0,0.0,0.0,0.0,0.0,0.0,0.0,0.0,0.0,0.0,0.0,0.0,0.0,0.0,0.0,0.0,0.0,0.0,0.0,0.0,0.0,0.0,0.0,0.0,0.0,0.0,0.0,0.0,0.0,0.0,0.0,0.0,0.0,0.0,0.0,0.0,0.0,0.0,0.0,0.0,0.0,0.0,0.0,0.0,0.0,0.0,0.0,0.0,0.0"
customer,c_nationkey,c.c_nationkey,25170000000000000000000000000000571700000000000000000000000000006f170000000000000000000000000000841700000000000000000000000000006b17000000000000000000000000000040170000000000000000000000000000d4170000000000000000000000000000141700000000000000000000000000009a17000000000000000000000000000011180000000000000000000000000000791700000000000000000000000000004b17000000000000000000000000000000000000000000003c170000000000000000000000000000911700000000000000000000000000006817000000000000000000000000000021170000000000000000000000000000561700000000000000000000000000005717000000000000000000000000000088170000000000000000000000000000d41700000000000000000000000000001017000000000000000000000000000078170000000000000000000000000000be1700000000000000000000000000007b1700000000000000000000000000005f17000000000000,"0.0,0.0,1.0,1.0,2.0,2.0,3.0,3.0,4.0,4.0,5.0,5.0,6.0,6.0,7.0,7.0,8.0,8.0,9.0,9.0,9.0,10.0,10.0,11.0,11.0,12.0,13.0,13.0,13.0,14.0,14.0,15.0,16.0,16.0,17.0,17.0,18.0,18.0,19.0,19.0,19.0,20.0,21.0,21.0,22.0,22.0,22.0,23.0,23.0,24.0,24.0"
customer,c_phone,c.c_phone,0000000000000000000000000000000000000000000000000000000000000000000000000000000000000000000000000000000000000000000000000000000000000000000000000000000000000000000000000000000000000000000000000000000000000000000000000000000000000000000000000000000000000000000000000000000000000000000000000000000000000000000000000000000000000000000000000000000000000000000000000000000000000000000000000000000000000000f049020000000000000000000000000000000000000000000000000000000000000000000000000000000000000000000000000000000000000000000000000000000000000000000000000000000000000000000000000000000000000000000000000000000000000000000000000000000000000000000000000000000000000000000000000000000000000000000000000000000000000000000000000000000000000000000000000000000000000000000000000000000000000000000000000000000000,"0.0,0.0,0.0,0.0,0.0,0.0,0.0,0.0,0.0,0.0,0.0,0.0,0.0,0.0,0.0,0.0,0.0,0.0,0.0,0.0,0.0,0.0,0.0,0.0,0.0,0.0,0.0,0.0,0.0,0.0,0.0,0.0,0.0,0.0,0.0,0.0,0.0,0.0,0.0,0.0,0.0,0.0,0.0,0.0,0.0,0.0,0.0,0.0,0.0,0.0,0.0"
customer,c_acctbal,c.c_acctbal,f30b000000000000810b000000000000b90b000000000000ed0b000000000000cd0b000000000000820b0000000000003b0b000000000000920b000000000000b60b000000000000690b0000000000000d0c000000000000140c000000000000c40b000000000000dd0b000000000000160c000000000000c40b000000000000d10b000000000000c80b000000000000d10b000000000000f00b000000000000f10b000000000000bf0b000000000000820b000000000000ed0b000000000000ae0b000000000000810b000000000000960b000000000000c10b0000000000007c0b0000000000007e0b0000000000008b0b000000000000a70b0000000000005e0b000000000000640b000000000000420c000000000000c30b000000000000ed0b0000000000009d0b000000000000a60b000000000000ba0b000000000000e00b000000000000890b000000000000d90b000000000000cb0b000000000000cc0b000000000000a60b000000000000cd0b000000000000a70b000000000000780b000000000000b80b000000000000,"-999.99,-784.5208,-560.4632,-340.44799999999987,-123.49279999999999,93.62000000000029,318.6104000000001,547.0086,771.3872,990.703,1215.9580000000003,1429.5,1643.77,1861.6035999999997,2079.3104000000003,2292.736,2511.2868,2728.0798,2949.3264,3166.6982000000003,3383.866,3599.3458,3818.0983999999994,4042.289400000001,4257.4956,4477.3,4703.51,4925.1738,5144.454000000001,5368.49,5593.862,5817.3366000000005,6037.0952,6265.79,6490.3496000000005,6700.749999999997,6919.7732,7136.9882,7358.281600000001,7579.1008,7799.334,8016.924399999999,8239.624399999999,8457.741399999999,8676.5672,8893.831,9116.094000000001,9333.36,9555.81,9779.739999999994,9999.99"
customer,c_mktsegment,c.c_mktsegment,0000000000000000000000000000000000000000000000000000000000000000000000000000000000000000000000000000000000000000000000000000000000000000000000000000000000000000000000000000000000000000000000000000000000000000000000000000000000000000000000000000000000000000000000000000000000000000000000000000000000000000000000000000000000000000000000000000000000000000000000000000000000000000000000000000000000000000f049020000000000000000000000000000000000000000000000000000000000000000000000000000000000000000000000000000000000000000000000000000000000000000000000000000000000000000000000000000000000000000000000000000000000000000000000000000000000000000000000000000000000000000000000000000000000000000000000000000000000000000000000000000000000000000000000000000000000000000000000000000000000000000000000000000000000,"0.0,0.0,0.0,0.0,0.0,0.0,0.0,0.0,0.0,0.0,0.0,0.0,0.0,0.0,0.0,0.0,0.0,0.0,0.0,0.0,0.0,0.0,0.0,0.0,0.0,0.0,0.0,0.0,0.0,0.0,0.0,0.0,0.0,0.0,0.0,0.0,0.0,0.0,0.0,0.0,0.0,0.0,0.0,0.0,0.0,0.0,0.0,0.0,0.0,0.0,0.0"
customer,c_comment,c.c_comment,0000000000000000000000000000000000000000000000000000000000000000000000000000000000000000000000000000000000000000000000000000000000000000000000000000000000000000000000000000000000000000000000000000000000000000000000000000000000000000000000000000000000000000000000000000000000000000000000000000000000000000000000000000000000000000000000000000000000000000000000000000000000000000000000000000000000000000f049020000000000000000000000000000000000000000000000000000000000000000000000000000000000000000000000000000000000000000000000000000000000000000000000000000000000000000000000000000000000000000000000000000000000000000000000000000000000000000000000000000000000000000000000000000000000000000000000000000000000000000000000000000000000000000000000000000000000000000000000000000000000000000000000000000000000,"0.0,0.0,0.0,0.0,0.0,0.0,0.0,0.0,0.0,0.0,0.0,0.0,0.0,0.0,0.0,0.0,0.0,0.0,0.0,0.0,0.0,0.0,0.0,0.0,0.0,0.0,0.0,0.0,0.0,0.0,0.0,0.0,0.0,0.0,0.0,0.0,0.0,0.0,0.0,0.0,0.0,0.0,0.0,0.0,0.0,0.0,0.0,0.0,0.0,0.0,0.0"
lineitem,l_orderkey,l.l_orderkey,c3d6010000000000e1d30100000000008bd2010000000000dcd6010000000000f1d50100000000001ed40100000000005dd401000000000026d50100000000001dd3010000000000a7d401000000000081d50100000000000dd5010000000000bdd10100000000008cd601000000000065d501000000000023d60100000000000ad401000000000036d4010000000000e0d30100000000001cd401000000000053d6010000000000d4d10100000000000dd701000000000001d401000000000046d401000000000070d4010000000000a4d501000000000020d601000000000065d50100000000007cd7010000000000dfd30100000000003cd4010000000000bed401000000000064d3010000000000c8d4010000000000a3d601000000000060d4010000000000b7d301000000000091d60100000000006dd4010000000000e1d501000000000070d4010000000000cfd30100000000005cd201000000000027d6010000000000add301000000000019d401000000000077d50100000000004ad7010000000000ccd5010000000000,"1.0,119460.28,239746.0,360326.0,479811.0,599552.0,719745.0,839815.0,959750.0,1080198.0,1200262.0,1320098.0,1440064.0,1560836.6400000001,1680389.9200000002,1800294.2,1919939.0,2040162.7600000002,2160294.0,2280548.0,2400678.0,2520353.0,2641156.16,2760576.44,2880773.0,3000961.0,3121059.0,3240802.0,3360512.0,3480357.0,3599686.4,3719938.0,3840096.0,3960128.0,4080480.0,4200538.999999995,4320039.0,4440164.36,4560502.999999992,4680006.0,4800128.2,4919846.0,5039968.0,5160230.0,5280836.32,5400486.0,5520832.88,5641062.0,5760866.4399999995,5880248.9999999935,6000000.0"
lineitem,l_partkey,l.l_partkey,c3d4010000000000fdd2010000000000b3d5010000000000a4d40100000000002dd4010000000000f9d2010000000000d5d40100000000003ad501000000000083d801000000000045d40100000000000dd4010000000000abd30100000000002dd5010000000000eed30100000000002ed501000000000089d5010000000000a0d401000000000041d501000000000063d4010000000000a8d4010000000000efd3010000000000d6d401000000000009d7010000000000c3d401000000000007d601000000000080d501000000000078d401000000000027d40100000000006bd50100000000007ad101000000000049d5010000000000dcd30100000000004fd401000000000079d30100000000000fd7010000000000dfd30100000000000ed501000000000093d50100000000008fd4010000000000bdd4010000000000aad501000000000047d4010000000000b2d5010000000000b8d401000000000022d6010000000000b1d7010000000000b0d501000000000047d40100000000001ed40100000000000ed4010000000000,"1.0,4001.0,8018.0,12010.0,16011.0,20018.0,24034.0,28032.0,32030.0,35999.0,40003.0,44010.0,48020.0,52017.0,56026.0,60022.0,64017.0,68018.0,72015.0,76018.0,80021.0,84030.0,88029.0,92010.0,96010.0,100000.0,103994.28000000026,107998.0,112004.0,115999.0,120027.0,124022.68000000017,128032.0,132038.0,136049.0,140031.0,144037.0,148037.0,152031.0,156033.0,160033.0,164028.0,168030.0,172025.0,176026.0,180015.0,183990.0,187981.0,191986.0,195994.0,200000.0"
lineitem,l_suppkey,l.l_suppkey,70d40100000000002bd5010000000000e3d101000000000050d6010000000000b5d801000000000050d601000000000013d4010000000000e3d201000000000002d5010000000000aed601000000000029d3010000000000fcd401000000000038d50100000000005bd4010000000000ead30100000000006ad501000000000090d4010000000000a6d301000000000023d401000000000035d301000000000072d5010000000000b7d201000000000009d6010000000000d0d3010000000000d4d601000000000065d5010000000000e5d30100000000001ad501000000000074d401000000000057d5010000000000afd3010000000000c2d7010000000000c7d60100000000001ed4010000000000d2d3010000000000afd401000000000055d6010000000000fbd301000000000030d501000000000091d40100000000007cd401000000000008d401000000000003d7010000000000cad30100000000004fd501000000000076d3010000000000abd4010000000000e1d401000000000028d501000000000075d5010000000000,"1.0,201.0,401.0,602.0,801.0,1000.0,1199.0,1399.0,1600.0,1800.0,1999.0,2200.0,2400.0,2600.0,2800.0,3000.0,3200.0,3400.0,3601.0,3801.0,4002.0,4201.0,4402.0,4602.0,4802.0,5001.0,5201.0,5402.0,5601.0,5802.0,6001.0,6202.0,6401.0,6600.0,6800.0,7001.0,7201.0,7400.0,7600.0,7800.0,8000.0,8201.0,8401.0,8600.0,8800.0,9000.0,9201.0,9401.0,9601.0,9801.0,10000.0"
lineitem,l_linenumber,l.l_linenumber,60e31600000000000000000000000000000000000000000000000000000000000000000000000000000000000000000000000000000000000000000000000000c49e1300000000000000000000000000000000000000000000000000000000000000000000000000000000000000000000000000000000000000000000000000225910000000000000000000000000000000000000000000000000000000000000000000000000000000000000000000000000000000000000000000000000000000000000000000b7130d00000000000000000000000000000000000000000000000000000000000000000000000000000000000000000000000000000000000000000000000000d7d009000000000000000000000000000000000000000000000000000000000000000000000000000000000000000000000000000000000000000000000000000e8c06000000000000000000000000000000000000000000000000000000000000000000000000000000000000000000000000000000000000000000000000005d46030000000000,"1.0,1.0,1.0,1.0,1.0,1.0,1.0,1.0,1.0,1.0,1.0,1.0,1.0,2.0,2.0,2.0,2.0,2.0,2.0,2.0,2.0,2.0,2.0,2.0,3.0,3.0,3.0,3.0,3.0,3.0,3.0,3.0,3.0,4.0,4.0,4.0,4.0,4.0,4.0,4.0,5.0,5.0,5.0,5.0,5.0,6.0,6.0,6.0,6.0,7.0,7.0"
lineitem,l_quantity,l.l_quantity,51d6010000000000a4d2010000000000efd401000000000045d3010000000000d5d201000000000088d201000000000032d501000000000059d5010000000000b7d601000000000094d301000000000000d301000000000069d4010000000000cdd30100000000007cd201000000000004d6010000000000c6d601000000000016d501000000000085d20100000000002bd601000000000032d501000000000076d40100000000004fd401000000000011d7010000000000a3d40100000000003bd701000000000096d3010000000000cdd4010000000000f3d501000000000063d401000000000077d30100000000009bd401000000000036d70100000000003fd50100000000009ed4010000000000b1d701000000000034d601000000000006d50100000000009dd50100000000002bd4010000000000a9d40100000000007fd601000000000034d60100000000004ed4010000000000d8d401000000000056d301000000000073d5010000000000f2d40100000000007fd501000000000048d301000000000026d4010000000000,"1.0,1.0,3.0,4.0,5.0,6.0,7.0,8.0,9.0,10.0,11.0,12.0,13.0,14.0,15.0,16.0,17.0,18.0,19.0,20.0,21.0,22.0,23.0,24.0,25.0,26.0,27.0,28.0,29.0,30.0,31.0,32.0,33.0,34.0,35.0,36.0,37.0,37.0,38.0,39.0,41.0,41.0,42.0,43.0,44.0,45.0,46.0,47.0,48.0,49.0,50.0"
lineitem,l_extendedprice,l.l_extendedprice,ecc60200000000009baf020000000000e9a8020000000000b0a70200000000007ba8020000000000cfa8020000000000f5a402000000000072a30200000000005ba602000000000032a5020000000000a3a70200000000002da502000000000026a5020000000000dea3020000000000c9a4020000000000eba7020000000000ecaa020000000000b2a402000000000007a602000000000092a402000000000078a7020000000000a5a6020000000000fd9c0200000000005591020000000000707e020000000000015f0200000000000a40020000000000671a020000000000a6f7010000000000dbd70100000000004ab70100000000003497010000000000cf770100000000009c5b010000000000f34101000000000086250100000000004d0a01000000000089f0000000000000e0d6000000000000cabc000000000000fea5000000000000208e0000000000005c780000000000009960000000000000e74a00000000000090350000000000001d2200000000000042130000000000009308000000000000f201000000000000,"901.0,1995.241999999999,3597.66,5087.005199999999,6486.36,7903.3,9384.64,10826.64,12241.6,13681.862400000002,15135.12,16576.32,18018.0,19458.72,20898.67,22338.68,23772.172799999997,25210.22,26649.44,28091.69,29534.61,30974.34,32416.96,33855.53,35280.74,36718.64,38161.0,39600.72,41042.3,42480.40479999999,43918.29,45361.29,46795.52,48251.5,49717.03,51216.75,52749.48,54337.64,55992.6,57730.57,59571.0,61528.35,63617.24,65867.5,68320.44,71032.46000000005,74051.79,77525.67479999998,81736.55,87383.25,104949.5"
lineitem,l_discount,l.l_discount,765008000000000000000000000000000000000000000000000000000000000000000000000000002a5408000000000000000000000000000000000000000000000000000000000000000000000000007d5508000000000000000000000000000000000000000000000000000000000000000000000000000d520800000000000000000000000000000000000000000000000000000000000000000000000000095308000000000000000000000000000000000000000000000000000000000000000000000000005b560800000000000000000000000000000000000000000000000000000000000000000000000000ca50080000000000000000000000000000000000000000000000000000000000000000000000000090550800000000000000000000000000000000000000000000000000000000000000000000000000235008000000000000000000000000000000000000000000000000000000000000000000000000001d520800000000000000000000000000000000000000000000000000000000001754080000000000,"0.0,0.0,0.0,0.0,0.0,0.01,0.01,0.01,0.01,0.01,0.02,0.02,0.02,0.02,0.03,0.03,0.03,0.03,0.03,0.04,0.04,0.04,0.04,0.05,0.05,0.05,0.05,0.05,0.06,0.06,0.06,0.06,0.07,0.07,0.07,0.07,0.07,0.08,0.08,0.08,0.08,0.09,0.09,0.09,0.09,0.09,0.1,0.1,0.1,0.1,0.1"
lineitem,l_tax,l.l_tax,a6260a000000000000000000000000000000000000000000000000000000000000000000000000000000000000000000362c0a000000000000000000000000000000000000000000000000000000000000000000000000000000000000000000422f0a000000000000000000000000000000000000000000000000000000000000000000000000000000000000000000272e0a00000000000000000000000000000000000000000000000000000000000000000000000000000000000000000000000000000000001c2d0a00000000000000000000000000000000000000000000000000000000000000000000000000000000000000000074290a000000000000000000000000000000000000000000000000000000000000000000000000000000000000000000472f0a000000000000000000000000000000000000000000000000000000000000000000000000000000000000000000fe2c0a000000000000000000000000000000000000000000000000000000000000000000000000000000000000000000252f0a0000000000,"0.0,0.0,0.0,0.0,0.0,0.0,0.01,0.01,0.01,0.01,0.01,0.01,0.02,0.02,0.02,0.02,0.02,0.03,0.03,0.03,0.03,0.03,0.03,0.04,0.04,0.04,0.04,0.04,0.05,0.05,0.05,0.05,0.05,0.05,0.06,0.06,0.06,0.06,0.06,0.07,0.07,0.07,0.07,0.07,0.07,0.08,0.08,0.08,0.08,0.08,0.08"
lineitem,l_returnflag,l.l_returnflag,00000000000000000000000000000000000000000000000000000000000000000000000000000000000000000000000000000000000000000000000000000000000000000000000000000000000000000000000000000000000000000000000000000000000000000000000000000000000000000000000000000000000000000000000000000000000000000000000000000000000000000000000000000000000000000000000000000000000000000000000000000000000000000000000000000000000000003f925b0000000000000000000000000000000000000000000000000000000000000000000000000000000000000000000000000000000000000000000000000000000000000000000000000000000000000000000000000000000000000000000000000000000000000000000000000000000000000000000000000000000000000000000000000000000000000000000000000000000000000000000000000000000000000000000000000000000000000000000000000000000000000000000000000000000000,"0.0,0.0,0.0,0.0,0.0,0.0,0.0,0.0,0.0,0.0,0.0,0.0,0.0,0.0,0.0,0.0,0.0,0.0,0.0,0.0,0.0,0.0,0.0,0.0,0.0,0.0,0.0,0.0,0.0,0.0,0.0,0.0,0.0,0.0,0.0,0.0,0.0,0.0,0.0,0.0,0.0,0.0,0.0,0.0,0.0,0.0,0.0,0.0,0.0,0.0,0.0"
lineitem,l_linestatus,l.l_linestatus,00000000000000000000000000000000000000000000000000000000000000000000000000000000000000000000000000000000000000000000000000000000000000000000000000000000000000000000000000000000000000000000000000000000000000000000000000000000000000000000000000000000000000000000000000000000000000000000000000000000000000000000000000000000000000000000000000000000000000000000000000000000000000000000000000000000000000003f925b0000000000000000000000000000000000000000000000000000000000000000000000000000000000000000000000000000000000000000000000000000000000000000000000000000000000000000000000000000000000000000000000000000000000000000000000000000000000000000000000000000000000000000000000000000000000000000000000000000000000000000000000000000000000000000000000000000000000000000000000000000000000000000000000000000000000,"0.0,0.0,0.0,0.0,0.0,0.0,0.0,0.0,0.0,0.0,0.0,0.0,0.0,0.0,0.0,0.0,0.0,0.0,0.0,0.0,0.0,0.0,0.0,0.0,0.0,0.0,0.0,0.0,0.0,0.0,0.0,0.0,0.0,0.0,0.0,0.0,0.0,0.0,0.0,0.0,0.0,0.0,0.0,0.0,0.0,0.0,0.0,0.0,0.0,0.0,0.0"
lineitem,l_shipdate,l.l_shipdate,00000000000000000000000000000000000000000000000000000000000000000000000000000000000000000000000000000000000000000000000000000000000000000000000000000000000000000000000000000000000000000000000000000000000000000000000000000000000000000000000000000000000000000000000000000000000000000000000000000000000000000000000000000000000000000000000000000000000000000000000000000000000000000000000000000000000000003f925b0000000000000000000000000000000000000000000000000000000000000000000000000000000000000000000000000000000000000000000000000000000000000000000000000000000000000000000000000000000000000000000000000000000000000000000000000000000000000000000000000000000000000000000000000000000000000000000000000000000000000000000000000000000000000000000000000000000000000000000000000000000000000000000000000000000000,"0.0,0.0,0.0,0.0,0.0,0.0,0.0,0.0,0.0,0.0,0.0,0.0,0.0,0.0,0.0,0.0,0.0,0.0,0.0,0.0,0.0,0.0,0.0,0.0,0.0,0.0,0.0,0.0,0.0,0.0,0.0,0.0,0.0,0.0,0.0,0.0,0.0,0.0,0.0,0.0,0.0,0.0,0.0,0.0,0.0,0.0,0.0,0.0,0.0,0.0,0.0"
lineitem,l_commitdate,l.l_commitdate,00000000000000000000000000000000000000000000000000000000000000000000000000000000000000000000000000000000000000000000000000000000000000000000000000000000000000000000000000000000000000000000000000000000000000000000000000000000000000000000000000000000000000000000000000000000000000000000000000000000000000000000000000000000000000000000000000000000000000000000000000000000000000000000000000000000000000003f925b0000000000000000000000000000000000000000000000000000000000000000000000000000000000000000000000000000000000000000000000000000000000000000000000000000000000000000000000000000000000000000000000000000000000000000000000000000000000000000000000000000000000000000000000000000000000000000000000000000000000000000000000000000000000000000000000000000000000000000000000000000000000000000000000000000000000,"0.0,0.0,0.0,0.0,0.0,0.0,0.0,0.0,0.0,0.0,0.0,0.0,0.0,0.0,0.0,0.0,0.0,0.0,0.0,0.0,0.0,0.0,0.0,0.0,0.0,0.0,0.0,0.0,0.0,0.0,0.0,0.0,0.0,0.0,0.0,0.0,0.0,0.0,0.0,0.0,0.0,0.0,0.0,0.0,0.0,0.0,0.0,0.0,0.0,0.0,0.0"
lineitem,l_receiptdate,l.l_receiptdate,00000000000000000000000000000000000000000000000000000000000000000000000000000000000000000000000000000000000000000000000000000000000000000000000000000000000000000000000000000000000000000000000000000000000000000000000000000000000000000000000000000000000000000000000000000000000000000000000000000000000000000000000000000000000000000000000000000000000000000000000000000000000000000000000000000000000000003f925b0000000000000000000000000000000000000000000000000000000000000000000000000000000000000000000000000000000000000000000000000000000000000000000000000000000000000000000000000000000000000000000000000000000000000000000000000000000000000000000000000000000000000000000000000000000000000000000000000000000000000000000000000000000000000000000000000000000000000000000000000000000000000000000000000000000000,"0.0,0.0,0.0,0.0,0.0,0.0,0.0,0.0,0.0,0.0,0.0,0.0,0.0,0.0,0.0,0.0,0.0,0.0,0.0,0.0,0.0,0.0,0.0,0.0,0.0,0.0,0.0,0.0,0.0,0.0,0.0,0.0,0.0,0.0,0.0,0.0,0.0,0.0,0.0,0.0,0.0,0.0,0.0,0.0,0.0,0.0,0.0,0.0,0.0,0.0,0.0"
lineitem,l_shipinstruct,l.l_shipinstruct,00000000000000000000000000000000000000000000000000000000000000000000000000000000000000000000000000000000000000000000000000000000000000000000000000000000000000000000000000000000000000000000000000000000000000000000000000000000000000000000000000000000000000000000000000000000000000000000000000000000000000000000000000000000000000000000000000000000000000000000000000000000000000000000000000000000000000003f925b0000000000000000000000000000000000000000000000000000000000000000000000000000000000000000000000000000000000000000000000000000000000000000000000000000000000000000000000000000000000000000000000000000000000000000000000000000000000000000000000000000000000000000000000000000000000000000000000000000000000000000000000000000000000000000000000000000000000000000000000000000000000000000000000000000000000,"0.0,0.0,0.0,0.0,0.0,0.0,0.0,0.0,0.0,0.0,0.0,0.0,0.0,0.0,0.0,0.0,0.0,0.0,0.0,0.0,0.0,0.0,0.0,0.0,0.0,0.0,0.0,0.0,0.0,0.0,0.0,0.0,0.0,0.0,0.0,0.0,0.0,0.0,0.0,0.0,0.0,0.0,0.0,0.0,0.0,0.0,0.0,0.0,0.0,0.0,0.0"
lineitem,l_shipmode,l.l_shipmode,00000000000000000000000000000000000000000000000000000000000000000000000000000000000000000000000000000000000000000000000000000000000000000000000000000000000000000000000000000000000000000000000000000000000000000000000000000000000000000000000000000000000000000000000000000000000000000000000000000000000000000000000000000000000000000000000000000000000000000000000000000000000000000000000000000000000000003f925b0000000000000000000000000000000000000000000000000000000000000000000000000000000000000000000000000000000000000000000000000000000000000000000000000000000000000000000000000000000000000000000000000000000000000000000000000000000000000000000000000000000000000000000000000000000000000000000000000000000000000000000000000000000000000000000000000000000000000000000000000000000000000000000000000000000000,"0.0,0.0,0.0,0.0,0.0,0.0,0.0,0.0,0.0,0.0,0.0,0.0,0.0,0.0,0.0,0.0,0.0,0.0,0.0,0.0,0.0,0.0,0.0,0.0,0.0,0.0,0.0,0.0,0.0,0.0,0.0,0.0,0.0,0.0,0.0,0.0,0.0,0.0,0.0,0.0,0.0,0.0,0.0,0.0,0.0,0.0,0.0,0.0,0.0,0.0,0.0"
lineitem,l_comment,l.l_comment,00000000000000000000000000000000000000000000000000000000000000000000000000000000000000000000000000000000000000000000000000000000000000000000000000000000000000000000000000000000000000000000000000000000000000000000000000000000000000000000000000000000000000000000000000000000000000000000000000000000000000000000000000000000000000000000000000000000000000000000000000000000000000000000000000000000000000003f925b0000000000000000000000000000000000000000000000000000000000000000000000000000000000000000000000000000000000000000000000000000000000000000000000000000000000000000000000000000000000000000000000000000000000000000000000000000000000000000000000000000000000000000000000000000000000000000000000000000000000000000000000000000000000000000000000000000000000000000000000000000000000000000000000000000000000,"0.0,0.0,0.0,0.0,0.0,0.0,0.0,0.0,0.0,0.0,0.0,0.0,0.0,0.0,0.0,0.0,0.0,0.0,0.0,0.0,0.0,0.0,0.0,0.0,0.0,0.0,0.0,0.0,0.0,0.0,0.0,0.0,0.0,0.0,0.0,0.0,0.0,0.0,0.0,0.0,0.0,0.0,0.0,0.0,0.0,0.0,0.0,0.0,0.0,0.0,0.0"
nation,n_nationkey,n.n_nationkey,01000000000000000000000000000000010000000000000000000000000000000100000000000000000000000000000001000000000000000000000000000000010000000000000000000000000000000100000000000000000000000000000001000000000000000000000000000000010000000000000000000000000000000100000000000000000000000000000001000000000000000000000000000000010000000000000000000000000000000100000000000000000000000000000000000000000000000100000000000000000000000000000001000000000000000000000000000000010000000000000000000000000000000100000000000000000000000000000001000000000000000000000000000000010000000000000000000000000000000100000000000000000000000000000001000000000000000000000000000000010000000000000000000000000000000100000000000000000000000000000001000000000000000000000000000000010000000000000000000000000000000100000000000000,"0.0,0.48,0.96,1.44,1.92,2.4000000000000004,2.88,3.3600000000000003,3.84,4.32,4.800000000000001,5.28,5.76,6.24,6.720000000000001,7.199999999999999,7.68,8.16,8.64,9.120000000000001,9.600000000000001,10.08,10.56,11.040000000000001,11.52,12.0,12.48,12.96,13.440000000000001,13.919999999999998,14.399999999999999,14.879999999999999,15.36,15.84,16.32,16.799999999999997,17.28,17.759999999999998,18.240000000000002,18.72,19.200000000000003,19.68,20.16,20.64,21.12,21.6,22.080000000000002,22.56,23.04,23.52,24.0"
nation,n_name,n.n_name,00000000000000000000000000000000000000000000000000000000000000000000000000000000000000000000000000000000000000000000000000000000000000000000000000000000000000000000000000000000000000000000000000000000000000000000000000000000000000000000000000000000000000000000000000000000000000000000000000000000000000000000000000000000000000000000000000000000000000000000000000000000000000000000000000000000000000001900000000000000000000000000000000000000000000000000000000000000000000000000000000000000000000000000000000000000000000000000000000000000000000000000000000000000000000000000000000000000000000000000000000000000000000000000000000000000000000000000000000000000000000000000000000000000000000000000000000000000000000000000000000000000000000000000000000000000000000000000000000000000000000000000000000000000,"0.0,0.0,0.0,0.0,0.0,0.0,0.0,0.0,0.0,0.0,0.0,0.0,0.0,0.0,0.0,0.0,0.0,0.0,0.0,0.0,0.0,0.0,0.0,0.0,0.0,0.0,0.0,0.0,0.0,0.0,0.0,0.0,0.0,0.0,0.0,0.0,0.0,0.0,0.0,0.0,0.0,0.0,0.0,0.0,0.0,0.0,0.0,0.0,0.0,0.0,0.0"
nation,n_regionkey,n.n_regionkey,05000000000000000000000000000000000000000000000000000000000000000000000000000000000000000000000000000000000000000000000000000000000000000000000000000000000000000000000000000000000000000000000005000000000000000000000000000000000000000000000000000000000000000000000000000000000000000000000000000000000000000000000000000000000000000000000000000000000000000000000000000000000000000000000000000000000000000500000000000000000000000000000000000000000000000000000000000000000000000000000000000000000000000000000000000000000000000000000000000000000000000000000000000000000000000000000000000000000000000500000000000000000000000000000000000000000000000000000000000000000000000000000000000000000000000000000000000000000000000000000000000000000000000000000000000000000000000000000000000000000000000500000000000000,"0.0,0.0,0.0,0.0,0.0,0.0,0.0,0.0,0.0,0.3200000000000003,0.8000000000000007,1.0,1.0,1.0,1.0,1.0,1.0,1.0,1.0,1.120000000000001,1.6000000000000014,2.0,2.0,2.0,2.0,2.0,2.0,2.0,2.0,2.0,2.3999999999999986,2.879999999999999,3.0,3.0,3.0,3.0,3.0,3.0,3.0,3.0,3.200000000000003,3.6799999999999997,4.0,4.0,4.0,4.0,4.0,4.0,4.0,4.0,4.0"
nation,n_comment,n.n_comment,00000000000000000000000000000000000000000000000000000000000000000000000000000000000000000000000000000000000000000000000000000000000000000000000000000000000000000000000000000000000000000000000000000000000000000000000000000000000000000000000000000000000000000000000000000000000000000000000000000000000000000000000000000000000000000000000000000000000000000000000000000000000000000000000000000000000000001900000000000000000000000000000000000000000000000000000000000000000000000000000000000000000000000000000000000000000000000000000000000000000000000000000000000000000000000000000000000000000000000000000000000000000000000000000000000000000000000000000000000000000000000000000000000000000000000000000000000000000000000000000000000000000000000000000000000000000000000000000000000000000000000000000000000000,"0.0,0.0,0.0,0.0,0.0,0.0,0.0,0.0,0.0,0.0,0.0,0.0,0.0,0.0,0.0,0.0,0.0,0.0,0.0,0.0,0.0,0.0,0.0,0.0,0.0,0.0,0.0,0.0,0.0,0.0,0.0,0.0,0.0,0.0,0.0,0.0,0.0,0.0,0.0,0.0,0.0,0.0,0.0,0.0,0.0,0.0,0.0,0.0,0.0,0.0,0.0"
orders,o_orderkey,o.o_orderkey,30750000000000003075000000000000307500000000000030750000000000003075000000000000307500000000000030750000000000003075000000000000307500000000000030750000000000003075000000000000307500000000000030750000000000003075000000000000307500000000000030750000000000003075000000000000307500000000000030750000000000003075000000000000307500000000000030750000000000003075000000000000307500000000000030750000000000003075000000000000307500000000000030750000000000003075000000000000307500000000000030750000000000003075000000000000307500000000000030750000000000003075000000000000307500000000000030750000000000003075000000000000307500000000000030750000000000003075000000000000307500000000000030750000000000003075000000000000307500000000000030750000000000003075000000000000307500000000000030750000000000003075000000000000,"1.0,120000.98,240000.96,360000.94,480000.92,600000.9,720000.88,840000.86,960000.84,1080000.82,1200000.8,1320000.78,1440000.76,1560000.74,1680000.72,1800000.7,1920000.68,2040000.6600000001,2160000.64,2280000.62,2400000.6,2520000.58,2640000.56,2760000.54,2880000.52,3000000.5,3120000.48,3240000.46,3360000.44,3480000.42,3600000.4,3720000.38,3840000.36,3960000.34,4080000.3200000003,4200000.3,4320000.28,4440000.26,4560000.24,4680000.22,4800000.2,4920000.18,5040000.16,5160000.14,5280000.12,5400000.1,5520000.08,5640000.06,5760000.04,5880000.02,6000000.0"
orders,o_custkey,o.o_custkey,7d7400000000000090750000000000003b740000000000008f750000000000008c74000000000000d975000000000000c3750000000000006b750000000000000a76000000000000b274000000000000da740000000000002975000000000000b375000000000000f374000000000000d675000000000000a7740000000000001e76000000000000a9750000000000005d74000000000000a9750000000000001e7500000000000012750000000000000f75000000000000f674000000000000bb74000000000000c474000000000000e173000000000000d973000000000000a475000000000000157500000000000019760000000000003275000000000000aa750000000000001c75000000000000ef750000000000001975000000000000ef74000000000000e4740000000000005e75000000000000d1740000000000009276000000000000bb750000000000001575000000000000f57400000000000026740000000000002a750000000000006475000000000000c3750000000000000a750000000000002d75000000000000,"1.0,3016.0,6007.0,9034.0,12023.0,15035.0,18023.0,21007.0,24002.0,26980.0,29992.0,33002.0,36002.0,38989.0,41995.72000000003,44978.0,47992.67999999999,50968.0,53956.0,56977.0,59968.0,62968.0,65965.56000000006,68974.0,71980.0,74990.0,78001.0,81032.0,84070.0,87056.0,90061.0,93035.0,96041.0,99023.0,102022.0,105007.0,108010.0,111019.0,114025.0,117020.0,120029.0,122995.0,125980.0,128983.0,131989.0,135016.0,138016.0,141010.0,143995.0,146999.0,149999.0"
orders,o_orderstatus,o.o_orderstatus,000000000000000000000000000000000000000000000000000000000000000000000000000000000000000000000000000000000000000000000000000000000000000000000000000000000000000000000000000000000000000000000000000000000000000000000000000000000000000000000000000000000000000000000000000000000000000000000000000000000000000000000000000000000000000000000000000000000000000000000000000000000000000000000000000000000000000060e3160000000000000000000000000000000000000000000000000000000000000000000000000000000000000000000000000000000000000000000000000000000000000000000000000000000000000000000000000000000000000000000000000000000000000000000000000000000000000000000000000000000000000000000000000000000000000000000000000000000000000000000000000000000000000000000000000000000000000000000000000000000000000000000000000000000000,"0.0,0.0,0.0,0.0,0.0,0.0,0.0,0.0,0.0,0.0,0.0,0.0,0.0,0.0,0.0,0.0,0.0,0.0,0.0,0.0,0.0,0.0,0.0,0.0,0.0,0.0,0.0,0.0,0.0,0.0,0.0,0.0,0.0,0.0,0.0,0.0,0.0,0.0,0.0,0.0,0.0,0.0,0.0,0.0,0.0,0.0,0.0,0.0,0.0,0.0,0.0"
orders,o_totalprice,o.o_totalprice,448e00000000000014a4000000000000c0be000000000000aedd0000000000005bfa000000000000edff000000000000f4fc000000000000bff800000000000027f3000000000000f4f000000000000008f5000000000000f5f400000000000025f2000000000000f9f00000000000007ced0000000000001fe9000000000000c7e500000000000030de000000000000ead50000000000008acb000000000000e4bd00000000000080b10000000000005da0000000000000b68f000000000000737e0000000000001f6e0000000000009b5d0000000000008f4d000000000000bc3f0000000000009a320000000000001f28000000000000c01d0000000000002a160000000000003910000000000000a90b000000000000ef070000000000003b05000000000000580300000000000059020000000000005c01000000000000b5000000000000007f000000000000003d000000000000001f00000000000000180000000000000008000000000000000200000000000000040000000000000001000000000000000100000000000000,"857.71,10076.3066,18318.9708,25803.227400000003,32571.5768,38768.667,44457.9024,49796.606,54914.4688,60013.0414,65106.776,70169.08240000001,75290.6856,80474.57179999999,85690.6788,90959.536,96286.4564,101691.26060000001,107082.124,112449.9148,117761.59,123060.4758,128377.28480000004,133662.5748,139025.8792,144409.03999999998,149776.45119999998,155188.18220000004,160639.36,166120.84659999993,171614.81,177206.7984,182815.4376,188534.7636,194302.35840000003,200197.571,206180.74360000002,212358.4652,218698.568,225272.762,232169.42200000002,239274.56079999998,246835.8928,254969.25599999996,263806.14200000005,273701.337,284778.4916,298013.01019999996,314926.8708,340057.48300000007,555285.16"
orders,o_orderdate,o.o_orderdate,000000000000000000000000000000000000000000000000000000000000000000000000000000000000000000000000000000000000000000000000000000000000000000000000000000000000000000000000000000000000000000000000000000000000000000000000000000000000000000000000000000000000000000000000000000000000000000000000000000000000000000000000000000000000000000000000000000000000000000000000000000000000000000000000000000000000000060e3160000000000000000000000000000000000000000000000000000000000000000000000000000000000000000000000000000000000000000000000000000000000000000000000000000000000000000000000000000000000000000000000000000000000000000000000000000000000000000000000000000000000000000000000000000000000000000000000000000000000000000000000000000000000000000000000000000000000000000000000000000000000000000000000000000000000,"0.0,0.0,0.0,0.0,0.0,0.0,0.0,0.0,0.0,0.0,0.0,0.0,0.0,0.0,0.0,0.0,0.0,0.0,0.0,0.0,0.0,0.0,0.0,0.0,0.0,0.0,0.0,0.0,0.0,0.0,0.0,0.0,0.0,0.0,0.0,0.0,0.0,0.0,0.0,0.0,0.0,0.0,0.0,0.0,0.0,0.0,0.0,0.0,0.0,0.0,0.0"
orders,o_orderpriority,o.o_orderpriority,000000000000000000000000000000000000000000000000000000000000000000000000000000000000000000000000000000000000000000000000000000000000000000000000000000000000000000000000000000000000000000000000000000000000000000000000000000000000000000000000000000000000000000000000000000000000000000000000000000000000000000000000000000000000000000000000000000000000000000000000000000000000000000000000000000000000000060e3160000000000000000000000000000000000000000000000000000000000000000000000000000000000000000000000000000000000000000000000000000000000000000000000000000000000000000000000000000000000000000000000000000000000000000000000000000000000000000000000000000000000000000000000000000000000000000000000000000000000000000000000000000000000000000000000000000000000000000000000000000000000000000000000000000000000,"0.0,0.0,0.0,0.0,0.0,0.0,0.0,0.0,0.0,0.0,0.0,0.0,0.0,0.0,0.0,0.0,0.0,0.0,0.0,0.0,0.0,0.0,0.0,0.0,0.0,0.0,0.0,0.0,0.0,0.0,0.0,0.0,0.0,0.0,0.0,0.0,0.0,0.0,0.0,0.0,0.0,0.0,0.0,0.0,0.0,0.0,0.0,0.0,0.0,0.0,0.0"
orders,o_clerk,o.o_clerk,000000000000000000000000000000000000000000000000000000000000000000000000000000000000000000000000000000000000000000000000000000000000000000000000000000000000000000000000000000000000000000000000000000000000000000000000000000000000000000000000000000000000000000000000000000000000000000000000000000000000000000000000000000000000000000000000000000000000000000000000000000000000000000000000000000000000000060e3160000000000000000000000000000000000000000000000000000000000000000000000000000000000000000000000000000000000000000000000000000000000000000000000000000000000000000000000000000000000000000000000000000000000000000000000000000000000000000000000000000000000000000000000000000000000000000000000000000000000000000000000000000000000000000000000000000000000000000000000000000000000000000000000000000000000,"0.0,0.0,0.0,0.0,0.0,0.0,0.0,0.0,0.0,0.0,0.0,0.0,0.0,0.0,0.0,0.0,0.0,0.0,0.0,0.0,0.0,0.0,0.0,0.0,0.0,0.0,0.0,0.0,0.0,0.0,0.0,0.0,0.0,0.0,0.0,0.0,0.0,0.0,0.0,0.0,0.0,0.0,0.0,0.0,0.0,0.0,0.0,0.0,0.0,0.0,0.0"
orders,o_shippriority,o.o_shippriority,000000000000000000000000000000000000000000000000000000000000000000000000000000000000000000000000000000000000000000000000000000000000000000000000000000000000000000000000000000000000000000000000000000000000000000000000000000000000000000000000000000000000000000000000000000000000000000000000000000000000000000000000000000000000000000000000000000000000000000000000000000000000000000000000000000000000000060e3160000000000000000000000000000000000000000000000000000000000000000000000000000000000000000000000000000000000000000000000000000000000000000000000000000000000000000000000000000000000000000000000000000000000000000000000000000000000000000000000000000000000000000000000000000000000000000000000000000000000000000000000000000000000000000000000000000000000000000000000000000000000000000000000000000000000,"0.0,0.0,0.0,0.0,0.0,0.0,0.0,0.0,0.0,0.0,0.0,0.0,0.0,0.0,0.0,0.0,0.0,0.0,0.0,0.0,0.0,0.0,0.0,0.0,0.0,0.0,0.0,0.0,0.0,0.0,0.0,0.0,0.0,0.0,0.0,0.0,0.0,0.0,0.0,0.0,0.0,0.0,0.0,0.0,0.0,0.0,0.0,0.0,0.0,0.0,0.0"
orders,o_comment,o.o_comment,000000000000000000000000000000000000000000000000000000000000000000000000000000000000000000000000000000000000000000000000000000000000000000000000000000000000000000000000000000000000000000000000000000000000000000000000000000000000000000000000000000000000000000000000000000000000000000000000000000000000000000000000000000000000000000000000000000000000000000000000000000000000000000000000000000000000000060e3160000000000000000000000000000000000000000000000000000000000000000000000000000000000000000000000000000000000000000000000000000000000000000000000000000000000000000000000000000000000000000000000000000000000000000000000000000000000000000000000000000000000000000000000000000000000000000000000000000000000000000000000000000000000000000000000000000000000000000000000000000000000000000000000000000000000,"0.0,0.0,0.0,0.0,0.0,0.0,0.0,0.0,0.0,0.0,0.0,0.0,0.0,0.0,0.0,0.0,0.0,0.0,0.0,0.0,0.0,0.0,0.0,0.0,0.0,0.0,0.0,0.0,0.0,0.0,0.0,0.0,0.0,0.0,0.0,0.0,0.0,0.0,0.0,0.0,0.0,0.0,0.0,0.0,0.0,0.0,0.0,0.0,0.0,0.0,0.0"
part,p_partkey,p.p_partkey,a00f000000000000a00f000000000000a00f000000000000a00f000000000000a00f000000000000a00f000000000000a00f000000000000a00f000000000000a00f000000000000a00f000000000000a00f000000000000a00f000000000000a00f000000000000a00f000000000000a00f000000000000a00f000000000000a00f000000000000a00f000000000000a00f000000000000a00f000000000000a00f000000000000a00f000000000000a00f000000000000a00f000000000000a00f000000000000a00f000000000000a00f000000000000a00f000000000000a00f000000000000a00f000000000000a00f000000000000a00f000000000000a00f000000000000a00f000000000000a00f000000000000a00f000000000000a00f000000000000a00f000000000000a00f000000000000a00f000000000000a00f000000000000a00f000000000000a00f000000000000a00f000000000000a00f000000000000a00f000000000000a00f000000000000a00f000000000000a00f000000000000a00f000000000000,"1.0,4000.98,8000.96,12000.939999999999,16000.92,20000.9,24000.879999999997,28000.860000000004,32000.84,36000.82,40000.8,44000.78,48000.759999999995,52000.740000000005,56000.72000000001,60000.7,64000.68,68000.66,72000.64,76000.62,80000.6,84000.58,88000.56,92000.54000000001,96000.51999999999,100000.5,104000.48000000001,108000.46,112000.44000000002,116000.42,120000.4,124000.38,128000.36,132000.34,136000.32,140000.3,144000.28,148000.26,152000.24,156000.22,160000.2,164000.18,168000.16,172000.13999999998,176000.12,180000.1,184000.08000000002,188000.06,192000.03999999998,196000.02,200000.0"
part,p_name,p.p_name,0000000000000000000000000000000000000000000000000000000000000000000000000000000000000000000000000000000000000000000000000000000000000000000000000000000000000000000000000000000000000000000000000000000000000000000000000000000000000000000000000000000000000000000000000000000000000000000000000000000000000000000000000000000000000000000000000000000000000000000000000000000000000000000000000000000000000000400d030000000000000000000000000000000000000000000000000000000000000000000000000000000000000000000000000000000000000000000000000000000000000000000000000000000000000000000000000000000000000000000000000000000000000000000000000000000000000000000000000000000000000000000000000000000000000000000000000000000000000000000000000000000000000000000000000000000000000000000000000000000000000000000000000000000000,"0.0,0.0,0.0,0.0,0.0,0.0,0.0,0.0,0.0,0.0,0.0,0.0,0.0,0.0,0.0,0.0,0.0,0.0,0.0,0.0,0.0,0.0,0.0,0.0,0.0,0.0,0.0,0.0,0.0,0.0,0.0,0.0,0.0,0.0,0.0,0.0,0.0,0.0,0.0,0.0,0.0,0.0,0.0,0.0,0.0,0.0,0.0,0.0,0.0,0.0,0.0"
part,p_mfgr,p.p_mfgr,0000000000000000000000000000000000000000000000000000000000000000000000000000000000000000000000000000000000000000000000000000000000000000000000000000000000000000000000000000000000000000000000000000000000000000000000000000000000000000000000000000000000000000000000000000000000000000000000000000000000000000000000000000000000000000000000000000000000000000000000000000000000000000000000000000000000000000400d030000000000000000000000000000000000000000000000000000000000000000000000000000000000000000000000000000000000000000000000000000000000000000000000000000000000000000000000000000000000000000000000000000000000000000000000000000000000000000000000000000000000000000000000000000000000000000000000000000000000000000000000000000000000000000000000000000000000000000000000000000000000000000000000000000000000,"0.0,0.0,0.0,0.0,0.0,0.0,0.0,0.0,0.0,0.0,0.0,0.0,0.0,0.0,0.0,0.0,0.0,0.0,0.0,0.0,0.0,0.0,0.0,0.0,0.0,0.0,0.0,0.0,0.0,0.0,0.0,0.0,0.0,0.0,0.0,0.0,0.0,0.0,0.0,0.0,0.0,0.0,0.0,0.0,0.0,0.0,0.0,0.0,0.0,0.0,0.0"
part,p_brand,p.p_brand,0000000000000000000000000000000000000000000000000000000000000000000000000000000000000000000000000000000000000000000000000000000000000000000000000000000000000000000000000000000000000000000000000000000000000000000000000000000000000000000000000000000000000000000000000000000000000000000000000000000000000000000000000000000000000000000000000000000000000000000000000000000000000000000000000000000000000000400d030000000000000000000000000000000000000000000000000000000000000000000000000000000000000000000000000000000000000000000000000000000000000000000000000000000000000000000000000000000000000000000000000000000000000000000000000000000000000000000000000000000000000000000000000000000000000000000000000000000000000000000000000000000000000000000000000000000000000000000000000000000000000000000000000000000000,"0.0,0.0,0.0,0.0,0.0,0.0,0.0,0.0,0.0,0.0,0.0,0.0,0.0,0.0,0.0,0.0,0.0,0.0,0.0,0.0,0.0,0.0,0.0,0.0,0.0,0.0,0.0,0.0,0.0,0.0,0.0,0.0,0.0,0.0,0.0,0.0,0.0,0.0,0.0,0.0,0.0,0.0,0.0,0.0,0.0,0.0,0.0,0.0,0.0,0.0,0.0"
part,p_type,p.p_type,0000000000000000000000000000000000000000000000000000000000000000000000000000000000000000000000000000000000000000000000000000000000000000000000000000000000000000000000000000000000000000000000000000000000000000000000000000000000000000000000000000000000000000000000000000000000000000000000000000000000000000000000000000000000000000000000000000000000000000000000000000000000000000000000000000000000000000400d030000000000000000000000000000000000000000000000000000000000000000000000000000000000000000000000000000000000000000000000000000000000000000000000000000000000000000000000000000000000000000000000000000000000000000000000000000000000000000000000000000000000000000000000000000000000000000000000000000000000000000000000000000000000000000000000000000000000000000000000000000000000000000000000000000000000,"0.0,0.0,0.0,0.0,0.0,0.0,0.0,0.0,0.0,0.0,0.0,0.0,0.0,0.0,0.0,0.0,0.0,0.0,0.0,0.0,0.0,0.0,0.0,0.0,0.0,0.0,0.0,0.0,0.0,0.0,0.0,0.0,0.0,0.0,0.0,0.0,0.0,0.0,0.0,0.0,0.0,0.0,0.0,0.0,0.0,0.0,0.0,0.0,0.0,0.0,0.0"
part,p_size,p.p_size,b40f000000000000dc0f0000000000001b10000000000000a60f000000000000de0f0000000000007c0f000000000000ef0f0000000000006d0f000000000000c20f0000000000005110000000000000a60f000000000000ac0f000000000000790f0000000000003910000000000000430f0000000000000710000000000000250f000000000000b90f0000000000000b0f0000000000007b0f000000000000a40f00000000000006100000000000005c0f000000000000950f0000000000006d0f000000000000a10f000000000000590f000000000000540f000000000000f60f0000000000001f10000000000000fb0e000000000000a30f000000000000b90f000000000000a60f000000000000f80f000000000000370f000000000000ae0f000000000000c90f000000000000b50f000000000000820f000000000000b60f000000000000bf0f0000000000002c0f000000000000aa0f000000000000350f000000000000830f000000000000ba0f000000000000d80f000000000000690f000000000000310f000000000000,"1.0,1.0,2.0,3.0,4.0,5.0,6.0,7.0,8.0,9.0,10.0,11.0,12.0,13.0,14.0,15.0,16.0,17.0,18.0,19.0,20.0,21.0,22.0,23.0,24.0,25.0,26.0,27.0,28.0,29.0,30.0,31.0,32.0,33.0,34.0,35.0,36.0,37.0,38.0,39.0,40.0,41.0,42.0,43.0,44.0,45.0,46.0,47.0,48.0,49.0,50.0"
part,p_container,p.p_container,0000000000000000000000000000000000000000000000000000000000000000000000000000000000000000000000000000000000000000000000000000000000000000000000000000000000000000000000000000000000000000000000000000000000000000000000000000000000000000000000000000000000000000000000000000000000000000000000000000000000000000000000000000000000000000000000000000000000000000000000000000000000000000000000000000000000000000400d030000000000000000000000000000000000000000000000000000000000000000000000000000000000000000000000000000000000000000000000000000000000000000000000000000000000000000000000000000000000000000000000000000000000000000000000000000000000000000000000000000000000000000000000000000000000000000000000000000000000000000000000000000000000000000000000000000000000000000000000000000000000000000000000000000000000,"0.0,0.0,0.0,0.0,0.0,0.0,0.0,0.0,0.0,0.0,0.0,0.0,0.0,0.0,0.0,0.0,0.0,0.0,0.0,0.0,0.0,0.0,0.0,0.0,0.0,0.0,0.0,0.0,0.0,0.0,0.0,0.0,0.0,0.0,0.0,0.0,0.0,0.0,0.0,0.0,0.0,0.0,0.0,0.0,0.0,0.0,0.0,0.0,0.0,0.0,0.0"
part,p_retailprice,p.p_retailprice,44010000000000008403000000000000c4050000000000000408000000000000440a000000000000840c000000000000c40e0000000000000411000000000000ac12000000000000c012000000000000c012000000000000c012000000000000c012000000000000c012000000000000c012000000000000a712000000000000801200000000000080120000000000009112000000000000c012000000000000c012000000000000c012000000000000c012000000000000c012000000000000c012000000000000c012000000000000c012000000000000c012000000000000c012000000000000c012000000000000c012000000000000901200000000000080120000000000008012000000000000a812000000000000c012000000000000c012000000000000c012000000000000c012000000000000c012000000000000c012000000000000a412000000000000ec10000000000000ac0e0000000000006c0c0000000000002c0a000000000000ec07000000000000ac050000000000006c030000000000002c01000000000000,"901.0,988.08,1025.9648,1054.06,1078.0692,1099.1,1119.1188,1139.1386000000002,1159.1584,1179.1782,1199.198,1219.2178000000001,1239.2376,1259.2574,1279.2772,1299.297,1319.3167999999998,1339.3365999999999,1359.3564,1379.3762,1399.3960000000002,1419.4158,1439.4356,1459.4554,1479.4751999999999,1499.495,1519.5148000000002,1539.5346,1559.5544000000002,1579.5742,1599.5939999999998,1619.6137999999999,1639.6336000000001,1659.6534000000001,1679.6732000000002,1699.693,1719.7128,1739.7326,1759.7523999999999,1779.7721999999999,1799.7920000000001,1819.8118,1839.8316,1859.8513999999998,1879.8711999999998,1899.891,1920.93,1944.93,1973.87,2010.91,2098.99"
part,p_comment,p.p_comment,0000000000000000000000000000000000000000000000000000000000000000000000000000000000000000000000000000000000000000000000000000000000000000000000000000000000000000000000000000000000000000000000000000000000000000000000000000000000000000000000000000000000000000000000000000000000000000000000000000000000000000000000000000000000000000000000000000000000000000000000000000000000000000000000000000000000000000400d030000000000000000000000000000000000000000000000000000000000000000000000000000000000000000000000000000000000000000000000000000000000000000000000000000000000000000000000000000000000000000000000000000000000000000000000000000000000000000000000000000000000000000000000000000000000000000000000000000000000000000000000000000000000000000000000000000000000000000000000000000000000000000000000000000000000,"0.0,0.0,0.0,0.0,0.0,0.0,0.0,0.0,0.0,0.0,0.0,0.0,0.0,0.0,0.0,0.0,0.0,0.0,0.0,0.0,0.0,0.0,0.0,0.0,0.0,0.0,0.0,0.0,0.0,0.0,0.0,0.0,0.0,0.0,0.0,0.0,0.0,0.0,0.0,0.0,0.0,0.0,0.0,0.0,0.0,0.0,0.0,0.0,0.0,0.0,0.0"
partsupp,ps_partkey,ps.ps_partkey,803e000000000000803e000000000000803e000000000000803e000000000000803e000000000000803e000000000000803e000000000000803e000000000000803e000000000000803e000000000000803e000000000000803e000000000000803e000000000000803e000000000000803e000000000000803e000000000000803e000000000000803e000000000000803e000000000000803e000000000000803e000000000000803e000000000000803e000000000000803e000000000000803e000000000000803e000000000000803e000000000000803e000000000000803e000000000000803e000000000000803e000000000000803e000000000000803e000000000000803e000000000000803e000000000000803e000000000000803e000000000000803e000000000000803e000000000000803e000000000000803e000000000000803e000000000000803e000000000000803e000000000000803e000000000000803e000000000000803e000000000000803e000000000000803e000000000000803e000000000000,"1.0,4000.9799999999996,8000.959999999999,12000.939999999995,16000.919999999998,20000.90000000001,24000.87999999999,28000.860000000015,32000.839999999997,36000.82000000001,40000.80000000002,44000.78,48000.75999999998,52000.74000000002,56000.72000000003,60000.69999999998,64000.67999999999,68000.66000000003,72000.64000000001,76000.62,80000.60000000003,84000.58000000002,88000.56,92000.54000000004,96000.51999999996,100000.5,104000.48000000004,108000.46000000002,112000.44000000006,116000.41999999998,120000.39999999997,124000.38,128000.35999999999,132000.33999999997,136000.32000000007,140000.29999999993,144000.28000000003,148000.26,152000.24,156000.21999999997,160000.20000000007,164000.17999999993,168000.16000000003,172000.14,176000.12,180000.09999999998,184000.08000000007,188000.05999999994,192000.03999999992,196000.02000000002,200000.0"
partsupp,ps_suppkey,ps.ps_suppkey,803e000000000000803e000000000000803e000000000000803e000000000000803e000000000000803e000000000000803e000000000000803e000000000000803e000000000000803e000000000000803e000000000000803e000000000000803e000000000000803e000000000000803e000000000000803e000000000000803e000000000000803e000000000000803e000000000000803e000000000000803e000000000000803e000000000000803e000000000000803e000000000000803e000000000000803e000000000000803e000000000000803e000000000000803e000000000000803e000000000000803e000000000000803e000000000000803e000000000000803e000000000000803e000000000000803e000000000000803e000000000000803e000000000000803e000000000000803e000000000000803e000000000000803e000000000000803e000000000000803e000000000000803e000000000000803e000000000000803e000000000000803e000000000000803e000000000000803e000000000000,"1.0,200.97999999999956,400.9599999999991,600.939999999995,800.9199999999983,1000.9000000000087,1200.87999999999,1400.8600000000151,1600.8399999999965,1800.820000000007,2000.8000000000175,2200.779999999999,2400.75999999998,2600.74000000002,2800.7200000000303,3000.6999999999825,3200.679999999993,3400.6600000000326,3600.640000000014,3800.6199999999953,4000.600000000035,4200.580000000016,4400.559999999998,4600.540000000037,4800.51999999996,5000.5,5200.48000000004,5400.460000000021,5600.4400000000605,5800.419999999984,6000.399999999965,6200.380000000005,6400.359999999986,6600.339999999967,6800.320000000065,7000.29999999993,7200.280000000028,7400.260000000009,7600.239999999991,7800.219999999972,8000.20000000007,8200.179999999935,8400.160000000033,8600.140000000014,8800.119999999995,9000.099999999977,9200.080000000075,9400.05999999994,9600.03999999992,9800.020000000019,10000.0"
partsupp,ps_availqty,ps.ps_availqty,c33e000000000000d03d000000000000663e000000000000763e000000000000e03d000000000000073f000000000000a53e0000000000007d3e0000000000007e3e000000000000593e000000000000613e000000000000d03d000000000000b93d000000000000e93d000000000000143e000000000000b43e0000000000000b3f0000000000008e3e000000000000db3e000000000000023f0000000000008b3e000000000000833e000000000000cd3e0000000000008c3f000000000000c73d0000000000002a3e0000000000000a3f0000000000006b3e000000000000083e000000000000843e000000000000853e000000000000bb3e0000000000008d3e000000000000153e0000000000008e3f0000000000000c3f0000000000009e3e000000000000d43e000000000000323e000000000000b93d000000000000913e000000000000c93e000000000000483e000000000000393e0000000000004b3d000000000000123f000000000000763e000000000000af3f000000000000963e0000000000007b3e000000000000,"1.0,200.0,402.0,602.0,802.0,1004.0,1203.0,1402.0,1602.0,1802.0,2003.0,2203.0,2405.0,2608.0,2810.0,3011.0,3211.0,3409.0,3608.0,3807.0,4006.0,4206.0,4405.0,4605.0,4801.0,5003.0,5203.0,5402.0,5602.0,5803.0,6004.0,6204.0,6403.0,6603.0,6804.0,7001.0,7199.0,7398.0,7597.0,7798.0,8001.0,8201.0,8400.0,8601.0,8801.0,9005.0,9204.0,9403.0,9600.0,9799.0,9999.0"
partsupp,ps_supplycost,ps.ps_supplycost,cd3d000000000000ea3d000000000000753e000000000000743e000000000000a83e0000000000009e3e000000000000b53d000000000000d93e000000000000423e000000000000d23e000000000000113f000000000000de3e000000000000ba3e000000000000083e000000000000893e000000000000e73d000000000000fd3e000000000000f83e000000000000123e000000000000d53e0000000000003c3e000000000000393f0000000000007d3e000000000000453e0000000000000a3f000000000000693e000000000000443f000000000000a03e0000000000008b3e000000000000a63e000000000000ee3e0000000000003c3e0000000000003a3e000000000000a03e000000000000cb3d000000000000b03d000000000000dc3e000000000000913e000000000000393f000000000000e13d000000000000783e000000000000ae3e000000000000fc3e000000000000d33e000000000000d23d000000000000763e0000000000005a3e000000000000cf3e000000000000603e000000000000f03d000000000000,"1.0,21.2,41.36,61.36,81.36,101.28,121.22,141.43,161.31,181.35,201.27,221.06,240.93,260.84,280.97,300.97,321.08,340.9,360.75,380.85,400.74,420.81580000000014,440.57,460.54540000000037,480.61,500.41,520.43,540.14,560.08,580.1,600.0,619.84,639.8935999999999,659.94,679.92,700.14,720.35,740.22,760.1723999999998,779.93,800.11,820.12,840.0,859.83,879.71,899.8909999999997,919.9,939.94,959.82,979.83,1000.0"
partsupp,ps_comment,ps.ps_comment,000000000000000000000000000000000000000000000000000000000000000000000000000000000000000000000000000000000000000000000000000000000000000000000000000000000000000000000000000000000000000000000000000000000000000000000000000000000000000000000000000000000000000000000000000000000000000000000000000000000000000000000000000000000000000000000000000000000000000000000000000000000000000000000000000000000000000000350c0000000000000000000000000000000000000000000000000000000000000000000000000000000000000000000000000000000000000000000000000000000000000000000000000000000000000000000000000000000000000000000000000000000000000000000000000000000000000000000000000000000000000000000000000000000000000000000000000000000000000000000000000000000000000000000000000000000000000000000000000000000000000000000000000000000000,"0.0,0.0,0.0,0.0,0.0,0.0,0.0,0.0,0.0,0.0,0.0,0.0,0.0,0.0,0.0,0.0,0.0,0.0,0.0,0.0,0.0,0.0,0.0,0.0,0.0,0.0,0.0,0.0,0.0,0.0,0.0,0.0,0.0,0.0,0.0,0.0,0.0,0.0,0.0,0.0,0.0,0.0,0.0,0.0,0.0,0.0,0.0,0.0,0.0,0.0,0.0"
region,r_regionkey,r.r_regionkey,01000000000000000000000000000000000000000000000000000000000000000000000000000000000000000000000000000000000000000000000000000000000000000000000000000000000000000000000000000000000000000000000001000000000000000000000000000000000000000000000000000000000000000000000000000000000000000000000000000000000000000000000000000000000000000000000000000000000000000000000000000000000000000000000000000000000000000100000000000000000000000000000000000000000000000000000000000000000000000000000000000000000000000000000000000000000000000000000000000000000000000000000000000000000000000000000000000000000000000100000000000000000000000000000000000000000000000000000000000000000000000000000000000000000000000000000000000000000000000000000000000000000000000000000000000000000000000000000000000000000000000100000000000000,"0.0,0.08,0.16,0.24,0.32,0.4,0.48,0.56,0.64,0.72,0.8,0.88,0.96,1.04,1.12,1.2,1.28,1.36,1.44,1.52,1.6,1.68,1.76,1.84,1.92,2.0,2.08,2.16,2.24,2.32,2.4,2.48,2.56,2.64,2.72,2.8,2.88,2.96,3.04,3.12,3.2,3.28,3.36,3.44,3.52,3.6,3.68,3.76,3.84,3.92,4.0"
region,r_name,r.r_name,00000000000000000000000000000000000000000000000000000000000000000000000000000000000000000000000000000000000000000000000000000000000000000000000000000000000000000000000000000000000000000000000000000000000000000000000000000000000000000000000000000000000000000000000000000000000000000000000000000000000000000000000000000000000000000000000000000000000000000000000000000000000000000000000000000000000000000500000000000000000000000000000000000000000000000000000000000000000000000000000000000000000000000000000000000000000000000000000000000000000000000000000000000000000000000000000000000000000000000000000000000000000000000000000000000000000000000000000000000000000000000000000000000000000000000000000000000000000000000000000000000000000000000000000000000000000000000000000000000000000000000000000000000000,"0.0,0.0,0.0,0.0,0.0,0.0,0.0,0.0,0.0,0.0,0.0,0.0,0.0,0.0,0.0,0.0,0.0,0.0,0.0,0.0,0.0,0.0,0.0,0.0,0.0,0.0,0.0,0.0,0.0,0.0,0.0,0.0,0.0,0.0,0.0,0.0,0.0,0.0,0.0,0.0,0.0,0.0,0.0,0.0,0.0,0.0,0.0,0.0,0.0,0.0,0.0"
region,r_comment,r.r_comment,00000000000000000000000000000000000000000000000000000000000000000000000000000000000000000000000000000000000000000000000000000000000000000000000000000000000000000000000000000000000000000000000000000000000000000000000000000000000000000000000000000000000000000000000000000000000000000000000000000000000000000000000000000000000000000000000000000000000000000000000000000000000000000000000000000000000000000500000000000000000000000000000000000000000000000000000000000000000000000000000000000000000000000000000000000000000000000000000000000000000000000000000000000000000000000000000000000000000000000000000000000000000000000000000000000000000000000000000000000000000000000000000000000000000000000000000000000000000000000000000000000000000000000000000000000000000000000000000000000000000000000000000000000000,"0.0,0.0,0.0,0.0,0.0,0.0,0.0,0.0,0.0,0.0,0.0,0.0,0.0,0.0,0.0,0.0,0.0,0.0,0.0,0.0,0.0,0.0,0.0,0.0,0.0,0.0,0.0,0.0,0.0,0.0,0.0,0.0,0.0,0.0,0.0,0.0,0.0,0.0,0.0,0.0,0.0,0.0,0.0,0.0,0.0,0.0,0.0,0.0,0.0,0.0,0.0"
supplier,s_suppkey,s.s_suppkey,c800000000000000c800000000000000c800000000000000c800000000000000c800000000000000c800000000000000c800000000000000c800000000000000c800000000000000c800000000000000c800000000000000c800000000000000c800000000000000c800000000000000c800000000000000c800000000000000c800000000000000c800000000000000c800000000000000c800000000000000c800000000000000c800000000000000c800000000000000c800000000000000c800000000000000c800000000000000c800000000000000c800000000000000c800000000000000c800000000000000c800000000000000c800000000000000c800000000000000c800000000000000c800000000000000c800000000000000c800000000000000c800000000000000c800000000000000c800000000000000c800000000000000c800000000000000c800000000000000c800000000000000c800000000000000c800000000000000c800000000000000c800000000000000c800000000000000c800000000000000,"1.0,200.98000000000002,400.96000000000004,600.9399999999999,800.9200000000001,1000.9000000000001,1200.8799999999999,1400.8600000000001,1600.8400000000001,1800.82,2000.8000000000002,2200.78,2400.7599999999998,2600.7400000000002,2800.7200000000003,3000.7,3200.6800000000003,3400.6600000000003,3600.64,3800.62,4000.6000000000004,4200.58,4400.56,4600.54,4800.5199999999995,5000.5,5200.4800000000005,5400.46,5600.4400000000005,5800.419999999999,6000.4,6200.38,6400.360000000001,6600.34,6800.320000000001,7000.299999999999,7200.28,7400.26,7600.24,7800.22,8000.200000000001,8200.18,8400.16,8600.14,8800.12,9000.1,9200.08,9400.06,9600.039999999999,9800.02,10000.0"
supplier,s_name,s.s_name,00000000000000000000000000000000000000000000000000000000000000000000000000000000000000000000000000000000000000000000000000000000000000000000000000000000000000000000000000000000000000000000000000000000000000000000000000000000000000000000000000000000000000000000000000000000000000000000000000000000000000000000000000000000000000000000000000000000000000000000000000000000000000000000000000000000000000001027000000000000000000000000000000000000000000000000000000000000000000000000000000000000000000000000000000000000000000000000000000000000000000000000000000000000000000000000000000000000000000000000000000000000000000000000000000000000000000000000000000000000000000000000000000000000000000000000000000000000000000000000000000000000000000000000000000000000000000000000000000000000000000000000000000000000,"0.0,0.0,0.0,0.0,0.0,0.0,0.0,0.0,0.0,0.0,0.0,0.0,0.0,0.0,0.0,0.0,0.0,0.0,0.0,0.0,0.0,0.0,0.0,0.0,0.0,0.0,0.0,0.0,0.0,0.0,0.0,0.0,0.0,0.0,0.0,0.0,0.0,0.0,0.0,0.0,0.0,0.0,0.0,0.0,0.0,0.0,0.0,0.0,0.0,0.0,0.0"
supplier,s_address,s.s_address,00000000000000000000000000000000000000000000000000000000000000000000000000000000000000000000000000000000000000000000000000000000000000000000000000000000000000000000000000000000000000000000000000000000000000000000000000000000000000000000000000000000000000000000000000000000000000000000000000000000000000000000000000000000000000000000000000000000000000000000000000000000000000000000000000000000000000001027000000000000000000000000000000000000000000000000000000000000000000000000000000000000000000000000000000000000000000000000000000000000000000000000000000000000000000000000000000000000000000000000000000000000000000000000000000000000000000000000000000000000000000000000000000000000000000000000000000000000000000000000000000000000000000000000000000000000000000000000000000000000000000000000000000000000,"0.0,0.0,0.0,0.0,0.0,0.0,0.0,0.0,0.0,0.0,0.0,0.0,0.0,0.0,0.0,0.0,0.0,0.0,0.0,0.0,0.0,0.0,0.0,0.0,0.0,0.0,0.0,0.0,0.0,0.0,0.0,0.0,0.0,0.0,0.0,0.0,0.0,0.0,0.0,0.0,0.0,0.0,0.0,0.0,0.0,0.0,0.0,0.0,0.0,0.0,0.0"
supplier,s_nationkey,s.s_nationkey,a40100000000000000000000000000009d0100000000000000000000000000008d0100000000000000000000000000009c0100000000000000000000000000009f0100000000000000000000000000007c010000000000000000000000000000920100000000000000000000000000008c0100000000000000000000000000009f0100000000000000000000000000009501000000000000000000000000000089010000000000000000000000000000b60100000000000000000000000000000000000000000000790100000000000000000000000000006a010000000000000000000000000000780100000000000000000000000000007501000000000000000000000000000096010000000000000000000000000000a5010000000000000000000000000000970100000000000000000000000000008e0100000000000000000000000000009b0100000000000000000000000000008f01000000000000000000000000000091010000000000000000000000000000860100000000000000000000000000008901000000000000,"0.0,0.0,0.0,1.0,1.0,2.0,2.0,3.0,3.0,4.0,4.0,5.0,5.0,6.0,6.0,7.0,7.0,8.0,8.0,9.0,9.0,10.0,10.0,11.0,11.0,12.0,12.0,13.0,13.0,14.0,14.0,15.0,16.0,16.0,17.0,17.0,17.0,18.0,18.0,19.0,19.0,20.0,20.0,21.0,21.0,22.0,22.0,23.0,23.0,24.0,24.0"
supplier,s_phone,s.s_phone,00000000000000000000000000000000000000000000000000000000000000000000000000000000000000000000000000000000000000000000000000000000000000000000000000000000000000000000000000000000000000000000000000000000000000000000000000000000000000000000000000000000000000000000000000000000000000000000000000000000000000000000000000000000000000000000000000000000000000000000000000000000000000000000000000000000000000001027000000000000000000000000000000000000000000000000000000000000000000000000000000000000000000000000000000000000000000000000000000000000000000000000000000000000000000000000000000000000000000000000000000000000000000000000000000000000000000000000000000000000000000000000000000000000000000000000000000000000000000000000000000000000000000000000000000000000000000000000000000000000000000000000000000000000,"0.0,0.0,0.0,0.0,0.0,0.0,0.0,0.0,0.0,0.0,0.0,0.0,0.0,0.0,0.0,0.0,0.0,0.0,0.0,0.0,0.0,0.0,0.0,0.0,0.0,0.0,0.0,0.0,0.0,0.0,0.0,0.0,0.0,0.0,0.0,0.0,0.0,0.0,0.0,0.0,0.0,0.0,0.0,0.0,0.0,0.0,0.0,0.0,0.0,0.0,0.0"
supplier,s_acctbal,s.s_acctbal,d600000000000000bd00000000000000c000000000000000c300000000000000c900000000000000cd00000000000000cd00000000000000be00000000000000c600000000000000be00000000000000db00000000000000cb00000000000000aa00000000000000cc00000000000000ca00000000000000c000000000000000b800000000000000d200000000000000e100000000000000be00000000000000dd00000000000000c200000000000000ae00000000000000bb00000000000000d200000000000000cb00000000000000b800000000000000db00000000000000d900000000000000d400000000000000ca00000000000000d400000000000000c900000000000000b600000000000000ba00000000000000ca00000000000000c800000000000000cd00000000000000d500000000000000c700000000000000d700000000000000c900000000000000ad00000000000000cd00000000000000d200000000000000d500000000000000cb00000000000000bf00000000000000d300000000000000b100000000000000,"-998.22,-787.579,-560.5980000000001,-335.37600000000003,-108.40479999999977,111.64300000000011,326.59759999999994,541.1880000000001,767.0936,995.3507999999999,1219.306,1425.018000000001,1638.5292,1893.5830000000003,2116.2140000000004,2328.236,2559.574800000001,2783.6732,2997.9172,3193.921,3430.534,3623.7021999999997,3847.8716,4102.1512,4323.4272,4541.0650000000005,4761.984,4996.2334,5187.3108,5394.8798,5601.505999999999,5819.854,6028.8584,6248.9619999999995,6485.488400000001,6720.914,6950.0736,7154.677000000001,7372.9911999999995,7575.1222,7798.664000000002,7996.5104,8226.066,8468.864999999998,8686.1744,8890.037,9095.6536,9312.1788,9543.486799999999,9754.616600000001,9999.72"
supplier,s_comment,s.s_comment,00000000000000000000000000000000000000000000000000000000000000000000000000000000000000000000000000000000000000000000000000000000000000000000000000000000000000000000000000000000000000000000000000000000000000000000000000000000000000000000000000000000000000000000000000000000000000000000000000000000000000000000000000000000000000000000000000000000000000000000000000000000000000000000000000000000000000001027000000000000000000000000000000000000000000000000000000000000000000000000000000000000000000000000000000000000000000000000000000000000000000000000000000000000000000000000000000000000000000000000000000000000000000000000000000000000000000000000000000000000000000000000000000000000000000000000000000000000000000000000000000000000000000000000000000000000000000000000000000000000000000000000000000000000,"0.0,0.0,0.0,0.0,0.0,0.0,0.0,0.0,0.0,0.0,0.0,0.0,0.0,0.0,0.0,0.0,0.0,0.0,0.0,0.0,0.0,0.0,0.0,0.0,0.0,0.0,0.0,0.0,0.0,0.0,0.0,0.0,0.0,0.0,0.0,0.0,0.0,0.0,0.0,0.0,0.0,0.0,0.0,0.0,0.0,0.0,0.0,0.0,0.0,0.0,0.0"
